ecosystem,estimate,p.value,gas,average_temp_kelvin,base_vol_l,total_vol_l,total_vol_m3,flux,units
Long,12.835975084634711,0.00215748751461402,co2,290.65,7.722221981,14.75722198,0.01475722198,2.6389254991041944,umol_m2_s1
NoSource,-5.146552384688684,0.13623682009848703,co2,295.372,0,7.035,0.007035,-0.496335292324902,umol_m2_s1
Short,20.483967961990363,0.00532872428834407,co2,290.928,7.722221981,14.75722198,0.01475722198,4.207238751548513,umol_m2_s1
