ecosystem,estimate,p.value,gas,average_temp_kelvin,base_vol_l,total_vol_l,total_vol_m3,flux,units
Long,20.097058823529416,2.7328630669479184e-17,co2,290.65,7.722221981,14.75722198,0.01475722198,4.131718910072814,umol_m2_s1
NoSource,-2.225490196078437,0.00558163361020159,co2,295.372,0,7.035,0.007035,-0.214627044373048,umol_m2_s1
Short,12.93506493506493,6.509881222930794e-16,co2,290.928,7.722221981,14.75722198,0.01475722198,2.656756081125681,umol_m2_s1
