ecosystem,base_vol_l,total_vol_l,total_vol_m3
Short,7.722221981,14.75722198,0.01475722198
Long,7.722221981,14.75722198,0.01475722198
NoSource,0,7.035,0.007035